1;Газета с рекламой ;5369
2;Газета на все случаи жизни ;3653
3;Газета в для бесплатной раздачи ;6111
4;Газета на все случаи жизни ;6220
5;Газета ;2519
6;Газета для художников ;3342
7;Газета на все случаи жизни ;1520
8;Газета в для бесплатной раздачи ;5284
9;Газета ;4345
10;Газета в для бесплатной раздачи ;6264
11;Газета для камина ;6285
12;Газета большая ;3238
13;Газета для художников ;4315
14;Газета для художников ;4719
15;Газета на все случаи жизни ;3544
16;Газета в для бесплатной раздачи ;2698
17;Газета для художников ;4236
18;Газета большая ;6862
19;Газета ;3975
20;Газета для камина ;2315
21;Газета для художников ;6864
22;Газета ;5023
23;Газета на все случаи жизни ;2342
24;Газета большая ;3657
25;Газета ;3037
26;Газета ;3090
27;Газета на все случаи жизни ;6648
28;Газета для художников ;3691
29;Газета с рекламой ;6481
30;Газета большая ;3643
31;Газета большая ;1868
32;Газета большая ;5121
33;Газета в для бесплатной раздачи ;2606
34;Газета в для бесплатной раздачи ;3292
35;Газета с рекламой ;2519
36;Газета большая ;4944
37;Газета в для бесплатной раздачи ;1541
38;Газета ;1082
39;Газета с рекламой ;2151
40;Газета с рекламой ;3242
